{
  "meta": {
    "split_root": "auto_output/dataset_deformation_stress_500_new/train",
    "sample_index": 0,
    "sample_id": [
      "000000"
    ],
    "action_name": [
      "shear"
    ],
    "action_label": [
      3
    ],
    "action_to_id": {
      "bend": 0,
      "drop": 1,
      "press": 2,
      "shear": 3,
      "stretch": 4
    },
    "device": "cpu",
    "model_num_frames": 8
  },
  "input": {
    "x": {
      "shape": [
        1,
        1,
        3,
        8,
        224,
        224
      ],
      "dtype": "torch.float32",
      "min": 0.0,
      "max": 0.8352941274642944,
      "mean": 0.02961711585521698,
      "std": 0.13328871130943298,
      "values_head": [
        0.0,
        0.0,
        0.0,
        0.0,
        0.0,
        0.0,
        0.0,
        0.0
      ]
    },
    "stress_gt": {
      "shape": [
        1,
        1,
        3,
        8,
        224,
        224
      ],
      "dtype": "torch.float32",
      "min": 0.0,
      "max": 0.9215686321258545,
      "mean": 0.022121988236904144,
      "std": 0.1038181334733963,
      "values_head": [
        0.0,
        0.0,
        0.0,
        0.0,
        0.0,
        0.0,
        0.0,
        0.0
      ]
    },
    "flow_gt": {
      "shape": [
        1,
        1,
        3,
        8,
        224,
        224
      ],
      "dtype": "torch.float32",
      "min": 0.0,
      "max": 0.9725490212440491,
      "mean": 0.009579794481396675,
      "std": 0.06889314204454422,
      "values_head": [
        0.0,
        0.0,
        0.0,
        0.0,
        0.0,
        0.0,
        0.0,
        0.0
      ]
    },
    "force_gt": {
      "shape": [
        1,
        1,
        3,
        8,
        224,
        224
      ],
      "dtype": "torch.float32",
      "min": 0.0,
      "max": 0.9960784316062927,
      "mean": 0.0228334441781044,
      "std": 0.12331697344779968,
      "values_head": [
        0.0,
        0.0,
        0.0,
        0.0,
        0.0,
        0.0,
        0.0,
        0.0
      ]
    },
    "params_gt_raw": {
      "shape": [
        1,
        4
      ],
      "dtype": "torch.float32",
      "min": 0.0,
      "max": 6215.53271484375,
      "mean": 1806.9769287109375,
      "std": 2578.578857421875,
      "values_head": [
        6215.53271484375,
        0.40135297179222107,
        1011.9736328125,
        0.0
      ]
    },
    "params_gt_train_space": {
      "shape": [
        1,
        4
      ],
      "dtype": "torch.float32",
      "min": 0.0,
      "max": 8.734967231750488,
      "mean": 4.0142412185668945,
      "std": 3.869739294052124,
      "values_head": [
        8.734967231750488,
        0.40135297179222107,
        6.920645236968994,
        0.0
      ]
    }
  },
  "bottleneck": {
    "contact_latent": {
      "shape": [
        1,
        128
      ],
      "dtype": "torch.float32",
      "min": -0.0725824385881424,
      "max": 0.06348748505115509,
      "mean": -0.003398158587515354,
      "std": 0.03208141028881073,
      "values_head": [
        0.02640046551823616,
        0.03453447297215462,
        0.05581493303179741,
        -0.004493146203458309,
        0.046063926070928574,
        -0.042337723076343536,
        -0.03226156160235405,
        0.01904183439910412
      ]
    },
    "deformation_latent": {
      "shape": [
        1,
        128
      ],
      "dtype": "torch.float32",
      "min": -0.053287189453840256,
      "max": 0.06712491810321808,
      "mean": -0.0016331997467204928,
      "std": 0.028381971642374992,
      "values_head": [
        0.018143439665436745,
        -0.033095404505729675,
        0.03174932673573494,
        -0.032120950520038605,
        0.061625875532627106,
        0.03730874881148338,
        -0.032963674515485764,
        0.05598977208137512
      ]
    },
    "stress_latent": {
      "shape": [
        1,
        128
      ],
      "dtype": "torch.float32",
      "min": -0.06521955132484436,
      "max": 0.07130923867225647,
      "mean": 0.0037894430570304394,
      "std": 0.03303030505776405,
      "values_head": [
        0.0266612246632576,
        0.048337217420339584,
        0.019387315958738327,
        -0.034322019666433334,
        -0.017852839082479477,
        0.025683660060167313,
        -0.06014782190322876,
        0.06355217844247818
      ]
    }
  },
  "predictions": {
    "param_pred": {
      "shape": [
        1,
        4
      ],
      "dtype": "torch.float32",
      "min": 0.256174772977829,
      "max": 0.6880703568458557,
      "mean": 0.5723838806152344,
      "std": 0.18267200887203217,
      "values_head": [
        0.6725770235061646,
        0.256174772977829,
        0.6727134585380554,
        0.6880703568458557
      ]
    },
    "param_pred_raw": {
      "shape": [
        1,
        4
      ],
      "dtype": "torch.float32",
      "min": 0.256174772977829,
      "max": 0.9898720979690552,
      "mean": 0.7912185192108154,
      "std": 0.3091578483581543,
      "values_head": [
        0.9592799544334412,
        0.256174772977829,
        0.9595472812652588,
        0.9898720979690552
      ]
    },
    "action_logits": {
      "shape": [
        1,
        5
      ],
      "dtype": "torch.float32",
      "min": -0.03409268334507942,
      "max": 0.026294616982340813,
      "mean": 0.006499397102743387,
      "std": 0.02094687893986702,
      "values_head": [
        0.010885527357459068,
        0.015150119550526142,
        0.026294616982340813,
        -0.03409268334507942,
        0.014259403571486473
      ]
    },
    "action_prob": [
      [
        0.2008354663848877,
        0.20169377326965332,
        0.20395413041114807,
        0.19200238585472107,
        0.20151421427726746
      ]
    ],
    "action_pred": [
      2
    ],
    "stress_field_pred": {
      "shape": [
        1,
        1,
        3,
        8,
        56,
        56
      ],
      "dtype": "torch.float32",
      "min": -0.8172504901885986,
      "max": 0.8513162136077881,
      "mean": 0.0006935506826266646,
      "std": 0.1891571581363678,
      "values_head": [
        0.1154845803976059,
        0.024809546768665314,
        -0.2628713846206665,
        0.22286999225616455,
        0.08941121399402618,
        -0.2690717577934265,
        0.29256361722946167,
        0.04226186126470566
      ]
    },
    "flow_field_pred": {
      "shape": [
        1,
        1,
        3,
        8,
        56,
        56
      ],
      "dtype": "torch.float32",
      "min": -0.8794947862625122,
      "max": 0.9130911827087402,
      "mean": 0.000273020938038826,
      "std": 0.20604261755943298,
      "values_head": [
        -0.3939496874809265,
        0.2631991505622864,
        0.1200968399643898,
        0.13861307501792908,
        0.014859210699796677,
        0.19496648013591766,
        -0.0635371059179306,
        0.046219583600759506
      ]
    },
    "force_pred": {
      "shape": [
        1,
        1,
        3,
        8,
        56,
        56
      ],
      "dtype": "torch.float32",
      "min": -0.8278562426567078,
      "max": 0.8867831230163574,
      "mean": -0.0006357096135616302,
      "std": 0.19769278168678284,
      "values_head": [
        0.09308883547782898,
        0.1125604659318924,
        0.14141134917736053,
        0.12384660542011261,
        0.09180209040641785,
        -0.19253000617027283,
        0.18585795164108276,
        -0.23807615041732788
      ]
    },
    "logvar": {
      "shape": [
        1,
        4
      ],
      "dtype": "torch.float32",
      "min": 0.0,
      "max": 0.0,
      "mean": 0.0,
      "std": 0.0,
      "values_head": [
        0.0,
        0.0,
        0.0,
        0.0
      ]
    }
  },
  "loss": {
    "loss_total": 6.331357955932617,
    "loss_reg": 4.440287113189697,
    "loss_stress": 0.046826474368572235,
    "loss_flow": 0.04718473181128502,
    "loss_force": 0.054869644343853,
    "loss_action": 1.6502474546432495,
    "action_acc": 0.0,
    "loss_phys_total": 2.184917688369751,