{
  "arch": 1,
  "data_layout": "dataset_400",
  "checkpoint": "/KAIROS_vepfs-2/KAIROS_vepfs/huangtao/intern/linrui/PhysGaussian/my_model/checkpoints/1/final.pt",
  "n_test": 87,
  "mae": {
    "E": 350340.125,
    "nu": 0.6458734273910522,
    "density": 2517.514892578125,
    "yield_stress": 87603.6875
  },
  "mape_pct": {
    "E": 2132.92822265625,
    "nu": 188.94459533691406,
    "density": 195.99754333496094,
    "yield_stress": 91.83393096923828
  },
  "action_acc_pct": 32.18390804597701
}