{
  "arch": 2,
  "data_layout": "dataset_400",
  "checkpoint": "/KAIROS_vepfs-2/KAIROS_vepfs/huangtao/intern/linrui/PhysGaussian/my_model/checkpoints/2/final.pt",
  "n_test": 87,
  "mae": {
    "E": 265322.15625,
    "nu": 0.3541264235973358,
    "density": 1543.97412109375,
    "yield_stress": 88434.046875
  },
  "mape_pct": {
    "E": 1472.9444580078125,
    "nu": 100.0,
    "density": 115.72685241699219,
    "yield_stress": 98.23172760009766
  },
  "action_acc_pct": 39.08045977011494
}